Question,Answer
What are your hospital's visiting hours?,Visiting hours are from 8 AM to 8 PM every day.
How do I book an appointment?,You can book an appointment online through our website or call our reception at 123-456-7890.
Do you accept insurance?,"Yes, we accept most major insurance plans. Please check with our billing department for more details."
What are the emergency contact numbers?,"In case of an emergency, call 911 or our hospital emergency line at 987-654-3210."
Where is your hospital located?,"Our hospital is located at 123 Health St, Cityville."
Do you have pediatric services?,"Yes, we have a dedicated pediatric department with specialized doctors."
How much does a general consultation cost?,A general consultation costs $50. Prices for specialists may vary.
Do I need to bring any documents for my first visit?,"Yes, please bring a valid ID, insurance card, and any medical records if available."
Can I reschedule my appointment?,"Yes, you can reschedule your appointment by calling our reception or through our online portal."
Do you offer telemedicine consultations?,"Yes, we offer virtual consultations. You can book them via our website."
What are your hospital's visiting hours?,Visiting hours are from 8 AM to 8 PM every day.
How do I book an appointment?,You can book an appointment online through our website or call our reception at 123-456-7890.
Do you accept insurance?,"Yes, we accept most major insurance plans. Please check with our billing department for more details."
What are the emergency contact numbers?,"In case of an emergency, call 911 or our hospital emergency line at 987-654-3210."
Where is your hospital located?,"Our hospital is located at 123 Health St, Cityville."
Do you have pediatric services?,"Yes, we have a dedicated pediatric department with specialized doctors."
How much does a general consultation cost?,A general consultation costs $50. Prices for specialists may vary.
Do I need to bring any documents for my first visit?,"Yes, please bring a valid ID, insurance card, and any medical records if available."
Can I reschedule my appointment?,"Yes, you can reschedule your appointment by calling our reception or through our online portal."
Do you offer telemedicine consultations?,"Yes, we offer virtual consultations. You can book them via our website."
What are your hospital's visiting hours?,Visiting hours are from 8 AM to 8 PM every day.
How do I book an appointment?,You can book an appointment online through our website or call our reception at 123-456-7890.
Do you accept insurance?,"Yes, we accept most major insurance plans. Please check with our billing department for more details."
What are the emergency contact numbers?,"In case of an emergency, call 911 or our hospital emergency line at 987-654-3210."
Where is your hospital located?,"Our hospital is located at 123 Health St, Cityville."
Do you have pediatric services?,"Yes, we have a dedicated pediatric department with specialized doctors."
How much does a general consultation cost?,A general consultation costs $50. Prices for specialists may vary.
Do I need to bring any documents for my first visit?,"Yes, please bring a valid ID, insurance card, and any medical records if available."
Can I reschedule my appointment?,"Yes, you can reschedule your appointment by calling our reception or through our online portal."
Do you offer telemedicine consultations?,"Yes, we offer virtual consultations. You can book them via our website."
What are your hospital's visiting hours?,Visiting hours are from 8 AM to 8 PM every day.
How do I book an appointment?,You can book an appointment online through our website or call our reception at 123-456-7890.
Do you accept insurance?,"Yes, we accept most major insurance plans. Please check with our billing department for more details."
What are the emergency contact numbers?,"In case of an emergency, call 911 or our hospital emergency line at 987-654-3210."
Where is your hospital located?,"Our hospital is located at 123 Health St, Cityville."
Do you have pediatric services?,"Yes, we have a dedicated pediatric department with specialized doctors."
How much does a general consultation cost?,A general consultation costs $50. Prices for specialists may vary.
Do I need to bring any documents for my first visit?,"Yes, please bring a valid ID, insurance card, and any medical records if available."
Can I reschedule my appointment?,"Yes, you can reschedule your appointment by calling our reception or through our online portal."
Do you offer telemedicine consultations?,"Yes, we offer virtual consultations. You can book them via our website."
What are your hospital's visiting hours?,Visiting hours are from 8 AM to 8 PM every day.
How do I book an appointment?,You can book an appointment online through our website or call our reception at 123-456-7890.
Do you accept insurance?,"Yes, we accept most major insurance plans. Please check with our billing department for more details."
What are the emergency contact numbers?,"In case of an emergency, call 911 or our hospital emergency line at 987-654-3210."
Where is your hospital located?,"Our hospital is located at 123 Health St, Cityville."
Do you have pediatric services?,"Yes, we have a dedicated pediatric department with specialized doctors."
How much does a general consultation cost?,A general consultation costs $50. Prices for specialists may vary.
Do I need to bring any documents for my first visit?,"Yes, please bring a valid ID, insurance card, and any medical records if available."
Can I reschedule my appointment?,"Yes, you can reschedule your appointment by calling our reception or through our online portal."
Do you offer telemedicine consultations?,"Yes, we offer virtual consultations. You can book them via our website."
What are your hospital's visiting hours?,Visiting hours are from 8 AM to 8 PM every day.
How do I book an appointment?,You can book an appointment online through our website or call our reception at 123-456-7890.
Do you accept insurance?,"Yes, we accept most major insurance plans. Please check with our billing department for more details."
What are the emergency contact numbers?,"In case of an emergency, call 911 or our hospital emergency line at 987-654-3210."
Where is your hospital located?,"Our hospital is located at 123 Health St, Cityville."
Do you have pediatric services?,"Yes, we have a dedicated pediatric department with specialized doctors."
How much does a general consultation cost?,A general consultation costs $50. Prices for specialists may vary.
Do I need to bring any documents for my first visit?,"Yes, please bring a valid ID, insurance card, and any medical records if available."
Can I reschedule my appointment?,"Yes, you can reschedule your appointment by calling our reception or through our online portal."
Do you offer telemedicine consultations?,"Yes, we offer virtual consultations. You can book them via our website."
What are your hospital's visiting hours?,Visiting hours are from 8 AM to 8 PM every day.
How do I book an appointment?,You can book an appointment online through our website or call our reception at 123-456-7890.
Do you accept insurance?,"Yes, we accept most major insurance plans. Please check with our billing department for more details."
What are the emergency contact numbers?,"In case of an emergency, call 911 or our hospital emergency line at 987-654-3210."
Where is your hospital located?,"Our hospital is located at 123 Health St, Cityville."
Do you have pediatric services?,"Yes, we have a dedicated pediatric department with specialized doctors."
How much does a general consultation cost?,A general consultation costs $50. Prices for specialists may vary.
Do I need to bring any documents for my first visit?,"Yes, please bring a valid ID, insurance card, and any medical records if available."
Can I reschedule my appointment?,"Yes, you can reschedule your appointment by calling our reception or through our online portal."
Do you offer telemedicine consultations?,"Yes, we offer virtual consultations. You can book them via our website."
What are your hospital's visiting hours?,Visiting hours are from 8 AM to 8 PM every day.
How do I book an appointment?,You can book an appointment online through our website or call our reception at 123-456-7890.
Do you accept insurance?,"Yes, we accept most major insurance plans. Please check with our billing department for more details."
What are the emergency contact numbers?,"In case of an emergency, call 911 or our hospital emergency line at 987-654-3210."
Where is your hospital located?,"Our hospital is located at 123 Health St, Cityville."
Do you have pediatric services?,"Yes, we have a dedicated pediatric department with specialized doctors."
How much does a general consultation cost?,A general consultation costs $50. Prices for specialists may vary.
Do I need to bring any documents for my first visit?,"Yes, please bring a valid ID, insurance card, and any medical records if available."
Can I reschedule my appointment?,"Yes, you can reschedule your appointment by calling our reception or through our online portal."
Do you offer telemedicine consultations?,"Yes, we offer virtual consultations. You can book them via our website."
What are your hospital's visiting hours?,Visiting hours are from 8 AM to 8 PM every day.
How do I book an appointment?,You can book an appointment online through our website or call our reception at 123-456-7890.
Do you accept insurance?,"Yes, we accept most major insurance plans. Please check with our billing department for more details."
What are the emergency contact numbers?,"In case of an emergency, call 911 or our hospital emergency line at 987-654-3210."
Where is your hospital located?,"Our hospital is located at 123 Health St, Cityville."
Do you have pediatric services?,"Yes, we have a dedicated pediatric department with specialized doctors."
How much does a general consultation cost?,A general consultation costs $50. Prices for specialists may vary.
Do I need to bring any documents for my first visit?,"Yes, please bring a valid ID, insurance card, and any medical records if available."
Can I reschedule my appointment?,"Yes, you can reschedule your appointment by calling our reception or through our online portal."
Do you offer telemedicine consultations?,"Yes, we offer virtual consultations. You can book them via our website."
What are your hospital's visiting hours?,Visiting hours are from 8 AM to 8 PM every day.
How do I book an appointment?,You can book an appointment online through our website or call our reception at 123-456-7890.
Do you accept insurance?,"Yes, we accept most major insurance plans. Please check with our billing department for more details."
What are the emergency contact numbers?,"In case of an emergency, call 911 or our hospital emergency line at 987-654-3210."
Where is your hospital located?,"Our hospital is located at 123 Health St, Cityville."
Do you have pediatric services?,"Yes, we have a dedicated pediatric department with specialized doctors."
How much does a general consultation cost?,A general consultation costs $50. Prices for specialists may vary.
Do I need to bring any documents for my first visit?,"Yes, please bring a valid ID, insurance card, and any medical records if available."
Can I reschedule my appointment?,"Yes, you can reschedule your appointment by calling our reception or through our online portal."
Do you offer telemedicine consultations?,"Yes, we offer virtual consultations. You can book them via our website."
